Workbook

Sheet Executive_Summary
A1: Metric | B1: Value | D1: Channel | E1: Allocation % | F1: Recommended Budget | G1: Expected Revenue | H1: Recommendation
A2: Total Marketing Spend | B2: =SUM(Channel_Performance!C2:C8) -> 325386.41 | D2: Display | E2: =Budget_Model!D11 -> 0.44652473 | F2: =Budget_Model!E11 -> 446524.73 | G2: =Budget_Model!G11 -> 2819382.8 | H2: =Budget_Model!H2 -> Increase / Prioritize
A3: Total Attributed Revenue | B3: =SUM(Channel_Performance!E2:E8) -> 11354451 | D3: Paid Search | E3: =Budget_Model!D12 -> 0.36166718 | F3: =Budget_Model!E12 -> 361667.18 | G3: =Budget_Model!G12 -> 1849614.4 | H3: =Budget_Model!H3 -> Increase / Prioritize
A4: Total Conversions | B4: =SUM(Channel_Performance!D2:D8) -> 10461 | D4: Paid Social | E4: =Budget_Model!D13 -> 0.1918081 | F4: =Budget_Model!E13 -> 191808.1 | G4: =Budget_Model!G13 -> 520231.78 | H4: =Budget_Model!H4 -> Reduce
A5: Conversion Rate | B5: =SUM(Channel_Performance!D2:D8)/SUM(Channel_Performance!B2:B8) -> 0.2198428 | D5: Total | E5: =SUM(E2:E4) -> 1 | F5: =SUM(F2:F4) -> 1000000 | G5: =SUM(G2:G4) -> 5189229
A6: Overall CAC | B6: =B2/B4 -> 31.104714
A7: Overall ROAS | B7: =B3/B2 -> 34.895282

Sheet Channel_Performance
A1: Channel | B1: Touchpoints | C1: Marketing Spend | D1: Conversions | E1: Attributed Revenue | F1: CAC | G1: ROAS | H1: Spend Share % | I1: Conversion Share % | J1: Revenue Share %
A2: Display | B2: 5358 | C2: 21173.13 | D2: 1151 | E2: 322809.36 | F2: =IFERROR(C2/D2,0) -> 18.395421 | G2: =IFERROR(E2/C2,0) -> 15.24618 | H2: =IFERROR(C2/SUM($C$2:$C$8),0) -> 0.065070726 | I2: =IFERROR(D2/SUM($D$2:$D$8),0) -> 0.11002772 | J2: =IFERROR(E2/SUM($E$2:$E$8),0) -> 0.028430205
A3: Paid Search | B3: 7593 | C3: 231677.45 | D3: 1574 | E3: 2603620.3 | F3: =IFERROR(C3/D3,0) -> 147.19025 | G3: =IFERROR(E3/C3,0) -> 11.238126 | H3: =IFERROR(C3/SUM($C$2:$C$8),0) -> 0.71200715 | I3: =IFERROR(D3/SUM($D$2:$D$8),0) -> 0.15046363 | J3: =IFERROR(E3/SUM($E$2:$E$8),0) -> 0.22930395
A4: Paid Social | B4: 7107 | C4: 72535.83 | D4: 1786 | E4: 451531.91 | F4: =IFERROR(C4/D4,0) -> 40.613567 | G4: =IFERROR(E4/C4,0) -> 6.2249499 | H4: =IFERROR(C4/SUM($C$2:$C$8),0) -> 0.22292213 | I4: =IFERROR(D4/SUM($D$2:$D$8),0) -> 0.17072938 | J4: =IFERROR(E4/SUM($E$2:$E$8),0) -> 0.039766953
A5: Referral | B5: 6508 | C5: 0 | D5: 1336 | E5: 1040379.9 | F5: =IFERROR(C5/D5,0) -> 0 | G5: =IFERROR(E5/C5,0) -> 0 | H5: =IFERROR(C5/SUM($C$2:$C$8),0) -> 0 | I5: =IFERROR(D5/SUM($D$2:$D$8),0) -> 0.12771246 | J5: =IFERROR(E5/SUM($E$2:$E$8),0) -> 0.091627498
A6: Direct | B6: 7297 | C6: 0 | D6: 1615 | E6: 3464899.9 | F6: =IFERROR(C6/D6,0) -> 0 | G6: =IFERROR(E6/C6,0) -> 0 | H6: =IFERROR(C6/SUM($C$2:$C$8),0) -> 0 | I6: =IFERROR(D6/SUM($D$2:$D$8),0) -> 0.15438295 | J6: =IFERROR(E6/SUM($E$2:$E$8),0) -> 0.30515786
A7: Organic Search | B7: 6989 | C7: 0 | D7: 1454 | E7: 1380056.3 | F7: =IFERROR(C7/D7,0) -> 0 | G7: =IFERROR(E7/C7,0) -> 0 | H7: =IFERROR(C7/SUM($C$2:$C$8),0) -> 0 | I7: =IFERROR(D7/SUM($D$2:$D$8),0) -> 0.13899245 | J7: =IFERROR(E7/SUM($E$2:$E$8),0) -> 0.1215432
A8: Email | B8: 6732 | C8: 0 | D8: 1545 | E8: 2091153 | F8: =IFERROR(C8/D8,0) -> 0 | G8: =IFERROR(E8/C8,0) -> 0 | H8: =IFERROR(C8/SUM($C$2:$C$8),0) -> 0 | I8: =IFERROR(D8/SUM($D$2:$D$8),0) -> 0.14769143 | J8: =IFERROR(E8/SUM($E$2:$E$8),0) -> 0.18417033

Sheet Attribution_Comparison
A1: Channel | B1: First-Touch Revenue | C1: Last-Touch Revenue | D1: Linear Revenue | E1: Time-Decay Revenue | F1: Position-Based Revenue
A2: Display | B2: 2316174.1 | C2: 322809.36 | D2: 126726.86 | E2: 133688.36 | F2: 155879.25
A3: Paid Search | B3: 1011016.1 | C3: 2603620.3 | D3: 1119978.4 | E3: 1184829.6 | F3: 1312501.2
A4: Paid Social | B4: 3541228.6 | C4: 451531.91 | D4: 185219.78 | E4: 196735.41 | F4: 221148.6
A5: Referral | B5: 1484045.4 | C5: 1040379.9 | D5: 419839.18 | E5: 447149.57 | F5: 509570.85
A6: Direct | B6: 975674.17 | C6: 3464899.9 | D6: 1515072.1 | E6: 1596352.7 | F6: 1780226.9
A7: Organic Search | B7: 1560292.3 | C7: 1380056.3 | D7: 598467.03 | E7: 629274.12 | F7: 694107.08
A8: Email | B8: 466019.98 | C8: 2091153 | D8: 900768.26 | E8: 948861.67 | F8: 1067258.6
A11: Channel | B11: First-Touch % | C11: Last-Touch % | D11: Linear % | E11: Time-Decay % | F11: Position-Based %
A12: Display | B12: =B2/SUM($B$2:$B$8) -> 0.20398822 | C12: =C2/SUM($C$2:$C$8) -> 0.028430205 | D12: =D2/SUM($D$2:$D$8) -> 0.02604295 | E12: =E2/SUM($E$2:$E$8) -> 0.026025148 | F12: =F2/SUM($F$2:$F$8) -> 0.027153388
A13: Paid Search | B13: =B3/SUM($B$2:$B$8) -> 0.089041392 | C13: =C3/SUM($C$2:$C$8) -> 0.22930395 | D13: =D3/SUM($D$2:$D$8) -> 0.2301607 | E13: =E3/SUM($E$2:$E$8) -> 0.23065108 | F13: =F3/SUM($F$2:$F$8) -> 0.22863117
A14: Paid Social | B14: =B4/SUM($B$2:$B$8) -> 0.31188022 | C14: =C4/SUM($C$2:$C$8) -> 0.039766953 | D14: =D4/SUM($D$2:$D$8) -> 0.038063513 | E14: =E4/SUM($E$2:$E$8) -> 0.038298534 | F14: =F4/SUM($F$2:$F$8) -> 0.038522984
A15: Referral | B15: =B5/SUM($B$2:$B$8) -> 0.13070165 | C15: =C5/SUM($C$2:$C$8) -> 0.091627498 | D15: =D5/SUM($D$2:$D$8) -> 0.086278873 | E15: =E5/SUM($E$2:$E$8) -> 0.087046725 | F15: =F5/SUM($F$2:$F$8) -> 0.088764702
A16: Direct | B16: =B6/SUM($B$2:$B$8) -> 0.085928787 | C16: =C6/SUM($C$2:$C$8) -> 0.30515786 | D16: =D6/SUM($D$2:$D$8) -> 0.31135425 | E16: =E6/SUM($E$2:$E$8) -> 0.3107624 | F16: =F6/SUM($F$2:$F$8) -> 0.31010665
A17: Organic Search | B17: =B7/SUM($B$2:$B$8) -> 0.1374168 | C17: =C7/SUM($C$2:$C$8) -> 0.1215432 | D17: =D7/SUM($D$2:$D$8) -> 0.12298771 | E17: =E7/SUM($E$2:$E$8) -> 0.12250096 | F17: =F7/SUM($F$2:$F$8) -> 0.12090999
A18: Email | B18: =B8/SUM($B$2:$B$8) -> 0.041042935 | C18: =C8/SUM($C$2:$C$8) -> 0.18417033 | D18: =D8/SUM($D$2:$D$8) -> 0.185112 | E18: =E8/SUM($E$2:$E$8) -> 0.18471515 | F18: =F8/SUM($F$2:$F$8) -> 0.18591112
A21: Channel | B21: First vs Last | C21: Linear vs Last | D21: Time-Decay vs Last | E21: Position-Based vs Last
A22: =A12 -> Display | B22: =B12-C12 -> 0.17555801 | C22: =D12-C12 -> -0.0023872552 | D22: =E12-C12 -> -0.0024050567 | E22: =F12-C12 -> -0.0012768169
A23: =A13 -> Paid Search | B23: =B13-C13 -> -0.14026255 | C23: =D13-C13 -> 0.00085674967 | D23: =E13-C13 -> 0.0013471347 | E23: =F13-C13 -> -0.00067277926
A24: =A14 -> Paid Social | B24: =B14-C14 -> 0.27211327 | C24: =D14-C14 -> -0.0017034408 | D24: =E14-C14 -> -0.0014684193 | E24: =F14-C14 -> -0.0012439699
A25: =A15 -> Referral | B25: =B15-C15 -> 0.039074149 | C25: =D15-C15 -> -0.0053486245 | D25: =E15-C15 -> -0.004580773 | E25: =F15-C15 -> -0.0028627962
A26: =A16 -> Direct | B26: =B16-C16 -> -0.21922907 | C26: =D16-C16 -> 0.0061963927 | D26: =E16-C16 -> 0.0056045402 | E26: =F16-C16 -> 0.0049487859
A27: =A17 -> Organic Search | B27: =B17-C17 -> 0.015873601 | C27: =D17-C17 -> 0.001444511 | D27: =E17-C17 -> 0.00095775586 | E27: =F17-C17 -> -0.00063321035
A28: =A18 -> Email | B28: =B18-C18 -> -0.1431274 | C28: =D18-C18 -> 0.00094166719 | D28: =E18-C18 -> 0.00054481819 | E28: =F18-C18 -> 0.0017407867
A30: Model | B30: MAE
A31: First-Touch | B31: {=SUMPRODUCT(ABS(B2:B8-E2:E8))/COUNT(B2:B8)} -> 1253175.2
A32: Last-Touch | B32: {=SUMPRODUCT(ABS(C2:C8-E2:E8))/COUNT(C2:C8)} -> 888222.75
A33: Linear | B33: {=SUMPRODUCT(ABS(D2:D8-E2:E8))/COUNT(D2:D8)} -> 38688.531
A34: Time-Decay | B34: {=SUMPRODUCT(ABS(E2:E8-E2:E8))/COUNT(E2:E8)} -> 0
A35: Position-Based | B35: {=SUMPRODUCT(ABS(F2:F8-E2:E8))/COUNT(F2:F8)} -> 86257.293

Sheet Paid_Channel_Analysis
A1: Channel | B1: Marketing Spend | C1: Conversions | D1: Attributed Revenue | E1: CAC | F1: ROAS
A2: Display | B2: 21173.13 | C2: 1151 | D2: =Attribution_Comparison!E2 -> 133688.36 | E2: =B2/C2 -> 18.395421 | F2: =D2/B2 -> 6.3140575
A3: Paid Search | B3: 231677.45 | C3: 1574 | D3: =Attribution_Comparison!E3 -> 1184829.6 | E3: =B3/C3 -> 147.19025 | F3: =D3/B3 -> 5.1141341
A4: Paid Social | B4: 72535.83 | C4: 1786 | D4: =Attribution_Comparison!E4 -> 196735.41 | E4: =B4/C4 -> 40.613567 | F4: =D4/B4 -> 2.7122514

Sheet Budget_Model
A1: Channel | B1: Current Spend | C1: ROAS | D1: Allocation % | E1: Recommended Budget | F1: Expected Revenue | G1: Budget Change | H1: Recommendation
A2: Display | B2: =Paid_Channel_Analysis!B2 -> 21173.13 | C2: =Paid_Channel_Analysis!F2 -> 6.3140575 | D2: =C2/SUM($C$2:$C$4) -> 0.44652473 | E2: =D2*SUM($B$2:$B$4) -> 145293.08 | F2: =E2*C2 -> 917388.85 | G2: =E2-B2 -> 124119.95 | H2: =IF(C2>=5,"Increase / Prioritize",IF(C2>=3,"Maintain / Optimize","Reduce")) -> Increase / Prioritize
A3: Paid Search | B3: =Paid_Channel_Analysis!B3 -> 231677.45 | C3: =Paid_Channel_Analysis!F3 -> 5.1141341 | D3: =C3/SUM($C$2:$C$4) -> 0.36166718 | E3: =D3*SUM($B$2:$B$4) -> 117681.58 | F3: =E3*C3 -> 601839.4 | G3: =E3-B3 -> -113995.87 | H3: =IF(C3>=5,"Increase / Prioritize",IF(C3>=3,"Maintain / Optimize","Reduce")) -> Increase / Prioritize
A4: Paid Social | B4: =Paid_Channel_Analysis!B4 -> 72535.83 | C4: =Paid_Channel_Analysis!F4 -> 2.7122514 | D4: =C4/SUM($C$2:$C$4) -> 0.1918081 | E4: =D4*SUM($B$2:$B$4) -> 62411.748 | F4: =E4*C4 -> 169276.35 | G4: =E4-B4 -> -10124.082 | H4: =IF(C4>=5,"Increase / Prioritize",IF(C4>=3,"Maintain / Optimize","Reduce")) -> Reduce
A7: Management Budget | B7: 1000000
A10: Channel | B10: ROAS | C10: CAC | D10: Allocation % | E10: Recommended Budget | F10: Expected Conversions | G10: Expected Revenue
A11: Display | B11: =Budget_Model!C2 -> 6.3140575 | C11: =Paid_Channel_Analysis!E2 -> 18.395421 | D11: =B11/SUM($B$11:$B$13) -> 0.44652473 | E11: =$B$7*D11 -> 446524.73 | F11: =E11/C11 -> 24273.688 | G11: =E11*B11 -> 2819382.8
A12: Paid Search | B12: =Budget_Model!C3 -> 5.1141341 | C12: =Paid_Channel_Analysis!E3 -> 147.19025 | D12: =B12/SUM($B$11:$B$13) -> 0.36166718 | E12: =$B$7*D12 -> 361667.18 | F12: =E12/C12 -> 2457.1409 | G12: =E12*B12 -> 1849614.4
A13: Paid Social | B13: =Budget_Model!C4 -> 2.7122514 | C13: =Paid_Channel_Analysis!E4 -> 40.613567 | D13: =B13/SUM($B$11:$B$13) -> 0.1918081 | E13: =$B$7*D13 -> 191808.1 | F13: =E13/C13 -> 4722.7592 | G13: =E13*B13 -> 520231.78
A14: Total | B14: =G14/E14 -> 5.189229 | C14: =E14/F14 -> 31.792875 | D14: =SUM(D11:D13) -> 1 | E14: =$B$7*D14 -> 1000000 | F14: =SUM(F11:F13) -> 31453.589 | G14: =SUM(G11:G13) -> 5189229
A17: Constraint | B17: Value | C17: Status
A18: Minimum Allocation % | B18: 0.1 | C18: All Channels ≥ 10%
A19: Maximum Allocation % | B19: 0.5 | C19: All Channels ≤ 50%

Sheet Sensitivity_Analysis
A1: Scenario | B1: Budget | C1: ROAS Assumption | D1: CAC Assumption | E1: Expected ROAS | F1: Expected CAC | G1: Expected Revenue | H1: Expected Conversions
A2: Conservative | B2: 500000 | C2: 0.8 | D2: 1.2 | E2: =Budget_Model!$B$14*C2 -> 4.1513832 | F2: =Budget_Model!$C$14*D2 -> 38.15145 | G2: =B2*E2 -> 2075691.6 | H2: =B2/F2 -> 13105.662
A3: Conservative | B3: 750000 | C3: 0.8 | D3: 1.2 | E3: =Budget_Model!$B$14*C3 -> 4.1513832 | F3: =Budget_Model!$C$14*D3 -> 38.15145 | G3: =B3*E3 -> 3113537.4 | H3: =B3/F3 -> 19658.493
A4: Conservative | B4: 1000000 | C4: 0.8 | D4: 1.2 | E4: =Budget_Model!$B$14*C4 -> 4.1513832 | F4: =Budget_Model!$C$14*D4 -> 38.15145 | G4: =B4*E4 -> 4151383.2 | H4: =B4/F4 -> 26211.324
A5: Conservative | B5: 1250000 | C5: 0.8 | D5: 1.2 | E5: =Budget_Model!$B$14*C5 -> 4.1513832 | F5: =Budget_Model!$C$14*D5 -> 38.15145 | G5: =B5*E5 -> 5189229 | H5: =B5/F5 -> 32764.155
A6: Conservative | B6: 1500000 | C6: 0.8 | D6: 1.2 | E6: =Budget_Model!$B$14*C6 -> 4.1513832 | F6: =Budget_Model!$C$14*D6 -> 38.15145 | G6: =B6*E6 -> 6227074.8 | H6: =B6/F6 -> 39316.986
A7: Base | B7: 500000 | C7: 1 | D7: 1 | E7: =Budget_Model!$B$14*C7 -> 5.189229 | F7: =Budget_Model!$C$14*D7 -> 31.792875 | G7: =B7*E7 -> 2594614.5 | H7: =B7/F7 -> 15726.794
A8: Base | B8: 750000 | C8: 1 | D8: 1 | E8: =Budget_Model!$B$14*C8 -> 5.189229 | F8: =Budget_Model!$C$14*D8 -> 31.792875 | G8: =B8*E8 -> 3891921.8 | H8: =B8/F8 -> 23590.191
A9: Base | B9: 1000000 | C9: 1 | D9: 1 | E9: =Budget_Model!$B$14*C9 -> 5.189229 | F9: =Budget_Model!$C$14*D9 -> 31.792875 | G9: =B9*E9 -> 5189229 | H9: =B9/F9 -> 31453.589
A10: Base | B10: 1250000 | C10: 1 | D10: 1 | E10: =Budget_Model!$B$14*C10 -> 5.189229 | F10: =Budget_Model!$C$14*D10 -> 31.792875 | G10: =B10*E10 -> 6486536.3 | H10: =B10/F10 -> 39316.986
A11: Base | B11: 1500000 | C11: 1 | D11: 1 | E11: =Budget_Model!$B$14*C11 -> 5.189229 | F11: =Budget_Model!$C$14*D11 -> 31.792875 | G11: =B11*E11 -> 7783843.5 | H11: =B11/F11 -> 47180.383
A12: Aggressive | B12: 500000 | C12: 1.2 | D12: 0.8 | E12: =Budget_Model!$B$14*C12 -> 6.2270748 | F12: =Budget_Model!$C$14*D12 -> 25.4343 | G12: =B12*E12 -> 3113537.4 | H12: =B12/F12 -> 19658.493
A13: Aggressive | B13: 750000 | C13: 1.2 | D13: 0.8 | E13: =Budget_Model!$B$14*C13 -> 6.2270748 | F13: =Budget_Model!$C$14*D13 -> 25.4343 | G13: =B13*E13 -> 4670306.1 | H13: =B13/F13 -> 29487.739
... A16: Aggressive | B16: 1500000 | C16: 1.2 | D16: 0.8 | E16: =Budget_Model!$B$14*C16 -> 6.2270748 | F16: =Budget_Model!$C$14*D16 -> 25.4343 | G16: =B16*E16 -> 9340612.3 | H16: =B16/F16 -> 58975.479

Sheet QA_Reconciliation
A1: Metric | B1: Source 1 | C1: Source 2 | D1: Difference | E1: Status
A2: Total Marketing Spend | B2: =SUM(Channel_Performance!C2:C4) -> 325386.41 | C2: =SUM(Paid_Channel_Analysis!B2:B4) -> 325386.41 | D2: =B2-C2 -> 0 | E2: =IF(ABS(D2)<0.01,"MATCH","CHECK") -> MATCH
A3: Total Conversions | B3: =SUM(Channel_Performance!D2:D4) -> 4511 | C3: =SUM(Paid_Channel_Analysis!C2:C4) -> 4511 | D3: =B3-C3 -> 0 | E3: =IF(ABS(D3)<0.01,"MATCH","CHECK") -> MATCH
A4: Total Attributed Revenue | B4: =SUM(Channel_Performance!E2:E8) -> 11354451 | C4: =SUM(Attribution_Comparison!B2:B8) -> 11354451 | D4: =B4-C4 -> 0 | E4: =IF(ABS(D4)<0.01,"MATCH","CHECK") -> MATCH
A5: Overall CAC | B5: =B2/B3 -> 72.131769 | C5: =C2/C3 -> 72.131769 | D5: =B5-C5 -> 0 | E5: =IF(ABS(D5)<0.01,"MATCH","CHECK") -> MATCH
A6: Overall ROAS | B6: =B4/B2 -> 34.895282 | C6: =C4/C2 -> 34.895282 | D6: =B6-C6 -> 0 | E6: =IF(ABS(D6)<0.01,"MATCH","CHECK") -> MATCH

Sheet Assumptions
A2: Assumption | B2: Value / Description | C2: Reason / Impact
A3: Data Type | B3: Synthetic marketing attribution data | C3: Used for portfolio demonstration
A4: Attribution Models | B4: First-Touch, Last-Touch, Linear, Time-Decay, Position-Based | C4: Compare multiple attribution approaches
A5: Currency | B5: INR (₹) | C5: All financial metrics are presented in INR
A6: CAC | B6: Marketing Spend ÷ Conversions | C6: Measures acquisition efficiency
A7: ROAS | B7: Attributed Revenue ÷ Marketing Spend | C7: Measures return on marketing spend
A8: Time-Decay Half-Life | B8: 7 days | C8: Gives more credit to recent touchpoints
A9: Position-Based Weights | B9: 40% / 20% / 40% | C9: Higher credit to first and last touchpoints
A10: Management Budget | B10: 1000000 | C10: Used for budget allocation analysis
A11: Minimum Allocation | B11: 0.1 | C11: Prevents complete removal of a channel
A12: Maximum Allocation | B12: 0.5 | C12: Prevents excessive concentration in one channel
A13: Budget Allocation Basis | B13: Channel ROAS | C13: Higher-performing channels receive greater allocation
A14: Expected ROAS | B14: Current ROAS × scenario assumption | C14: Used in sensitivity analysis
A15: Expected CAC | B15: Current CAC ÷ scenario assumption | C15: Used in sensitivity analysis

Sheet Sheet1
